tag,mode,capacity,setting,bit_acc,full_decode,psnr,ssim,public_decode
arch_broadcast_clean_s42,cross_channel,100,clean,0.5246875,0.0,18.647982035102025,0.9610763979144394,1.0
arch_broadcast_clean_s42,cross_channel,100,distorted,0.5090625,0.0,18.647982035102025,0.9610763979144394,1.0
arch_broadcast_distort_s42,cross_channel,100,clean,0.51421875,0.0,21.117048755237125,0.9803185383789241,1.0
arch_broadcast_distort_s42,cross_channel,100,distorted,0.516015625,0.0,21.117048755237125,0.9803185383789241,1.0
arch_grid_clean_s42,cross_channel,100,clean,1.0,1.0,17.077465677685872,0.9551162412390113,1.0
arch_grid_clean_s42,cross_channel,100,distorted,1.0,1.0,17.077465677685872,0.9551162412390113,1.0
arch_grid_distort_s42,cross_channel,100,clean,1.0,1.0,16.978987186622277,0.9532843269407749,1.0
arch_grid_distort_s42,cross_channel,100,distorted,1.0,1.0,16.978987186622277,0.9532843269407749,1.0
cap_150_s123,cross_channel,150,clean,0.99984375,0.984375,19.777528314233592,0.9776832112111151,1.0
cap_150_s123,cross_channel,150,distorted,0.99984375,0.984375,19.777528314233592,0.9776832112111151,1.0
cap_150_s42,cross_channel,150,clean,1.0,1.0,17.50200887871381,0.9603376989252865,1.0
cap_150_s42,cross_channel,150,distorted,0.9999479166666667,0.9921875,17.50200887871381,0.9603376989252865,1.0
cap_150_s7,cross_channel,150,clean,1.0,1.0,34.42129252884397,0.9992609322071075,1.0
cap_150_s7,cross_channel,150,distorted,0.97875,0.6171875,34.42129252884397,0.9992609322071075,1.0
cap_200_s123,cross_channel,200,clean,0.999921875,0.984375,19.307161870625475,0.974625158123672,1.0
cap_200_s123,cross_channel,200,distorted,0.9998828125,0.9765625,19.307161870625475,0.974625158123672,1.0
cap_200_s42,cross_channel,200,clean,1.0,1.0,19.541241759086393,0.9758311030454934,1.0
cap_200_s42,cross_channel,200,distorted,1.0,1.0,19.541241759086393,0.9758311030454934,1.0
cap_200_s7,cross_channel,200,clean,0.99953125,0.9140625,18.148440973408977,0.9662235812284052,1.0
cap_200_s7,cross_channel,200,distorted,0.9994140625,0.8828125,18.148440973408977,0.9662235812284052,1.0
cap_25_s123,cross_channel,25,clean,1.0,1.0,21.883122949951137,0.9862496023997664,1.0
cap_25_s123,cross_channel,25,distorted,1.0,1.0,21.883122949951137,0.9862496023997664,1.0
cap_25_s42,cross_channel,25,clean,1.0,1.0,34.48751047097316,0.9992689248174429,1.0
cap_25_s42,cross_channel,25,distorted,0.998125,0.9609375,34.48751047097316,0.9992689248174429,1.0
cap_25_s7,cross_channel,25,clean,0.999375,0.984375,14.733375194750668,0.918035747949034,1.0
cap_25_s7,cross_channel,25,distorted,0.99875,0.96875,14.733375194750668,0.918035747949034,1.0
cap_50_s123,cross_channel,50,clean,1.0,1.0,22.176058816085295,0.9871297087520361,1.0
cap_50_s123,cross_channel,50,distorted,0.99984375,0.9921875,22.176058816085295,0.9871297087520361,1.0
cap_50_s42,cross_channel,50,clean,1.0,1.0,18.723228874367226,0.9707413255237043,1.0
cap_50_s42,cross_channel,50,distorted,1.0,1.0,18.723228874367226,0.9707413255237043,1.0
cap_50_s7,cross_channel,50,clean,1.0,1.0,20.06365594924722,0.9786011460237205,1.0
cap_50_s7,cross_channel,50,distorted,1.0,1.0,20.06365594924722,0.9786011460237205,1.0
classical_lsb,classical_lsb,99,clean,1.0,1.0,78.34346108701894,0.9999999599531293,1.0
classical_lsb,classical_lsb,99,distorted,0.5378787878787878,0.0390625,29.64673505712074,0.9849397740326822,1.0
main_cross_channel_clean_s123,cross_channel,100,clean,1.0,1.0,68.1297795699259,0.9999997145496309,1.0
main_cross_channel_clean_s123,cross_channel,100,distorted,0.775859375,0.5,68.1297795699259,0.9999997145496309,1.0
main_cross_channel_clean_s2024,cross_channel,100,clean,0.999765625,0.9765625,68.005976385985,0.9999996810220182,1.0
main_cross_channel_clean_s2024,cross_channel,100,distorted,0.572109375,0.0,68.005976385985,0.9999996810220182,1.0
main_cross_channel_clean_s42,cross_channel,100,clean,1.0,1.0,64.17145875432169,0.9999991999939084,1.0
main_cross_channel_clean_s42,cross_channel,100,distorted,0.5184375,0.0,64.17145875432169,0.9999991999939084,1.0
main_cross_channel_clean_s7,cross_channel,100,clean,1.0,1.0,46.70168939186096,0.9999568853527308,1.0
main_cross_channel_clean_s7,cross_channel,100,distorted,0.76265625,0.0,46.70168939186096,0.9999568853527308,1.0
main_cross_channel_clean_s99,cross_channel,100,clean,1.0,1.0,61.61257254349508,0.9999986253678799,1.0
main_cross_channel_clean_s99,cross_channel,100,distorted,0.561953125,0.0,61.61257254349508,0.9999986253678799,1.0
main_cross_channel_distort_s123,cross_channel,100,clean,1.0,1.0,20.37036204277402,0.9804202881641686,1.0
main_cross_channel_distort_s123,cross_channel,100,distorted,1.0,1.0,20.37036204277402,0.9804202881641686,1.0
main_cross_channel_distort_s2024,cross_channel,100,clean,1.0,1.0,16.603233056596974,0.9511594055220485,1.0
main_cross_channel_distort_s2024,cross_channel,100,distorted,1.0,1.0,16.603233056596974,0.9511594055220485,1.0
main_cross_channel_distort_s42,cross_channel,100,clean,1.0,1.0,19.252967585141256,0.9745796681381762,1.0
main_cross_channel_distort_s42,cross_channel,100,distorted,1.0,1.0,19.252967585141256,0.9745796681381762,1.0
main_cross_channel_distort_s7,cross_channel,100,clean,1.0,1.0,18.65504048737428,0.9698362909257412,1.0
main_cross_channel_distort_s7,cross_channel,100,distorted,1.0,1.0,18.65504048737428,0.9698362909257412,1.0
main_cross_channel_distort_s99,cross_channel,100,clean,0.999921875,0.9921875,20.174398561890747,0.9790850854478776,1.0
main_cross_channel_distort_s99,cross_channel,100,distorted,0.999609375,0.9609375,20.174398561890747,0.9790850854478776,1.0
main_hybrid_clean_s123,hybrid,100,clean,0.943359375,0.0,69.2627636493682,0.9999997611157596,1.0
main_hybrid_clean_s123,hybrid,100,distorted,0.645390625,0.0,69.2627636493682,0.9999997611157596,1.0
main_hybrid_clean_s2024,hybrid,100,clean,0.495546875,0.0,inf,1.0,1.0
main_hybrid_clean_s2024,hybrid,100,distorted,0.495546875,0.0,inf,1.0,1.0
main_hybrid_clean_s42,hybrid,100,clean,0.9509375,0.0,68.20119214295491,0.999999659601599,1.0
main_hybrid_clean_s42,hybrid,100,distorted,0.52546875,0.0,68.20119214295491,0.999999659601599,1.0
main_hybrid_clean_s7,hybrid,100,clean,0.5,0.0,inf,1.0000000009313226,1.0
main_hybrid_clean_s7,hybrid,100,distorted,0.5,0.0,inf,1.0000000009313226,1.0
main_hybrid_clean_s99,hybrid,100,clean,0.50625,0.0,inf,1.000000011175871,1.0
main_hybrid_clean_s99,hybrid,100,distorted,0.50625,0.0,inf,1.000000011175871,1.0
main_hybrid_distort_s123,hybrid,100,clean,0.939453125,0.0,30.254496815597488,0.9980465015396476,1.0
main_hybrid_distort_s123,hybrid,100,distorted,0.9321875,0.0,30.254496815597488,0.9980465015396476,1.0
main_hybrid_distort_s2024,hybrid,100,clean,0.495546875,0.0,inf,1.0,1.0
main_hybrid_distort_s2024,hybrid,100,distorted,0.495546875,0.0,inf,1.0,1.0
main_hybrid_distort_s42,hybrid,100,clean,0.9403125,0.0,33.489697355076984,0.9990823678672314,1.0
main_hybrid_distort_s42,hybrid,100,distorted,0.921953125,0.0,33.489697355076984,0.9990823678672314,1.0
main_hybrid_distort_s7,hybrid,100,clean,0.93953125,0.0,33.29158115355809,0.9990398581139743,1.0
main_hybrid_distort_s7,hybrid,100,distorted,0.939609375,0.0,33.29158115355809,0.9990398581139743,1.0
main_hybrid_distort_s99,hybrid,100,clean,0.50625,0.0,inf,1.0,1.0
main_hybrid_distort_s99,hybrid,100,distorted,0.50625,0.0,inf,1.0,1.0
main_segregated_clean_s123,segregated,99,clean,1.0,1.0,60.196791989122325,0.9999980605207384,1.0
main_segregated_clean_s123,segregated,99,distorted,0.6036931818181818,0.0,60.196791989122325,0.9999980605207384,1.0
main_segregated_clean_s2024,segregated,99,clean,1.0,1.0,60.83097117436104,0.9999983347952366,1.0
main_segregated_clean_s2024,segregated,99,distorted,0.5797032828282829,0.0,60.83097117436104,0.9999983347952366,1.0
main_segregated_clean_s42,segregated,99,clean,1.0,1.0,65.53593931158719,0.9999994174577296,1.0
main_segregated_clean_s42,segregated,99,distorted,0.7062815656565656,0.25,65.53593931158719,0.9999994174577296,1.0
main_segregated_clean_s7,segregated,99,clean,1.0,1.0,70.3358493980643,0.9999998142011464,1.0
main_segregated_clean_s7,segregated,99,distorted,0.7325599747474747,0.25,70.3358493980643,0.9999998142011464,1.0
main_segregated_clean_s99,segregated,99,clean,1.0,1.0,60.3843527042559,0.9999981443397701,1.0
main_segregated_clean_s99,segregated,99,distorted,0.6534880050505051,0.1953125,60.3843527042559,0.9999981443397701,1.0
main_segregated_distort_s123,segregated,99,clean,1.0,1.0,17.311781034375954,0.9589575477875769,1.0
main_segregated_distort_s123,segregated,99,distorted,0.9998421717171717,0.984375,17.311781034375954,0.9589575477875769,1.0
main_segregated_distort_s2024,segregated,99,clean,1.0,1.0,17.518874571476793,0.9607770582661033,1.0
main_segregated_distort_s2024,segregated,99,distorted,0.9997632575757576,0.984375,17.518874571476793,0.9607770582661033,1.0
main_segregated_distort_s42,segregated,99,clean,0.9999210858585859,0.9921875,18.728716319843915,0.9707479239441454,1.0
main_segregated_distort_s42,segregated,99,distorted,0.9998421717171717,0.984375,18.728716319843915,0.9707479239441454,1.0
main_segregated_distort_s7,segregated,99,clean,1.0,1.0,19.90078932481808,0.9778519729152322,1.0
main_segregated_distort_s7,segregated,99,distorted,1.0,1.0,19.90078932481808,0.9778519729152322,1.0
main_segregated_distort_s99,segregated,99,clean,1.0,1.0,14.639044844449533,0.9169985437765718,1.0
main_segregated_distort_s99,segregated,99,distorted,1.0,1.0,14.639044844449533,0.9169985437765718,1.0
